{
"lasym":true,
"nfp":1,
"mpol":6,
"ntor":2,
"ntheta":21,
"nzeta":9,
"ns_array":[
5,
9,
17],
"ftol_array":[
1.0000000000000000E-003,
9.9999999999999995E-007,
1.0000000000000001E-009],
"niter_array":[
100,
200,
300],
"delt":0.50000000000000000,
"tcon0":1.0000000000000000,
"aphi":[
1.0000000000000000],
"phiedge":1.0000000000000000,
"nstep":200,
"pmass_type":"power_series",
"am":[
0.50000000000000000,
1.0000000000000000],
"pres_scale":5000.0000000000000,
"gamma":0.0000000000000000,
"spres_ped":1.0000000000000000,
"ncurr":0,
"piota_type":"power_series",
"ai":[
0.0000000000000000],
"lfreeb":false,
"mgrid_file":"NONE",
"nvacskip":1,
"lforbal":false,
"raxis_c":[
4.0000000000000000,
0.0000000000000000,
0.0000000000000000],
"zaxis_s":[
0.0000000000000000,
0.0000000000000000,
0.0000000000000000],
"raxis_s":[
0.0000000000000000,
0.0000000000000000,
0.0000000000000000],
"zaxis_c":[
0.0000000000000000,
0.0000000000000000,
0.0000000000000000],
"rbc":[
{"n":   0,"m":   0,"value": 0.400000000000000000E+01},
{"n":   1,"m":   0,"value": 0.100000000000000000E+01},
{"n":   2,"m":   0,"value": 0.500000000000000010E-02}],
"zbs":[
{"n":   1,"m":   0,"value": 0.100000000000000000E+01},
{"n":   2,"m":   0,"value": 0.500000000000000010E-02}],
"rbs":[
{"n":   1,"m":   0,"value": 0.100000000000000002E-01}],
"zbc":[
{"n":   1,"m":   0,"value": 0.100000000000000002E-01}]}
