{
"lasym":true,
"nfp":1,
"mpol":5,
"ntor":0,
"ntheta":0,
"nzeta":0,
"ns_array":[
17],
"ftol_array":[
9.9999999999999994E-012],
"niter_array":[
2000],
"delt":0.90000000000000002,
"tcon0":1.0000000000000000,
"aphi":[
1.0000000000000000],
"phiedge":6.0000000000000000,
"nstep":200,
"pmass_type":"power_series",
"am":[
0.0000000000000000],
"pres_scale":1.0000000000000000,
"gamma":0.0000000000000000,
"spres_ped":1.0000000000000000,
"ncurr":0,
"piota_type":"power_series",
"ai":[
0.90000000000000002,
-0.65000000000000002],
"lfreeb":false,
"mgrid_file":"NONE",
"nvacskip":3,
"lforbal":false,
"raxis_c":[
0.0000000000000000],
"zaxis_s":[
0.0000000000000000],
"raxis_s":[
0.0000000000000000],
"zaxis_c":[
0.0000000000000000],
"rbc":[
{"n":   0,"m":   0,"value": 0.600000000000000000E+01},
{"n":   0,"m":   1,"value": 0.599999999999999978E+00}],
"zbs":[
{"n":   0,"m":   1,"value": 0.599999999999999978E+00}],
"rbs":[
{"n":   0,"m":   1,"value": 0.599999999999999978E+00},
{"n":   0,"m":   2,"value": 0.119999999999999996E+00}]}
