{
"lasym":true,
"nfp":19,
"mpol":5,
"ntor":3,
"ntheta":0,
"nzeta":0,
"ns_array":[
5,
7],
"ftol_array":[
9.9999999999999998E-017,
1.0000000000000000E-014],
"niter_array":[
1000,
2000],
"delt":0.90000000000000002,
"tcon0":1.0000000000000000,
"aphi":[
1.0000000000000000],
"phiedge":1.0000000000000000,
"nstep":20,
"pmass_type":"power_series",
"am":[
1.0000000000000000,
-2.0000000000000000,
1.0000000000000000],
"pres_scale":18000.000000000000,
"gamma":0.0000000000000000,
"spres_ped":1.0000000000000000,
"ncurr":0,
"piota_type":"power_series",
"ai":[
1.0000000000000000,
1.5000000000000000],
"lfreeb":false,
"mgrid_file":"none",
"nvacskip":6,
"lforbal":false,
"raxis_c":[
10.000000000000000,
0.0000000000000000,
0.0000000000000000,
0.0000000000000000],
"zaxis_s":[
0.0000000000000000,
0.0000000000000000,
0.0000000000000000,
0.0000000000000000],
"raxis_s":[
0.0000000000000000,
0.0000000000000000,
0.0000000000000000,
0.0000000000000000],
"zaxis_c":[
0.0000000000000000,
0.0000000000000000,
0.0000000000000000,
0.0000000000000000],
"rbc":[
{"n":   0,"m":   0,"value": 0.100000000000000000E+02},
{"n":  -1,"m":   1,"value":-0.299999999999999989E+00},
{"n":   0,"m":   1,"value":-0.100000000000000000E+01}],
"zbs":[
{"n":  -1,"m":   1,"value":-0.299999999999999989E+00},
{"n":   0,"m":   1,"value": 0.100000000000000000E+01}],
"rbs":[],
"zbc":[]}
